[
  {"n":"上海日本互联网科技有限公司"},
  {"n":"上海润益互联网科技有限公司"},
  {"n":"广州八百里实业集团"},
  {"n":"上海昂腾实业有限公司"},
  {"n":"上海嘉沃文化传播有限公司"},
  {"n":"上海互联网创业投资有限公司"},
  {"n":"上海丰豫互联网科技有限公司"},
  {"n":"上海牛匠互联网科技有限公司"},
  {"n":"上海孚顺能源互联网科技有限公司"},
  {"n":"上海易搜互联网科技有限公司"}
]

